,time,dead,dead_low,dead_high,date,county,death_total,death_increase,dead_increase,week_id,bench_death_temp,bench_death_increase,bench_death_total
1,1,11,11,11,3/24/2020,Los Angeles,10,2,NA,1,5.142857143,NA,NA
2,2,16.82003903,14.49410474,24.13106155,3/25/2020,Los Angeles,13,3,5.820039034,1,5.142857143,NA,NA
3,3,22.60471748,18.33653132,35.84707718,3/26/2020,Los Angeles,21,8,5.784678444,1,5.142857143,NA,NA
4,4,28.52141572,22.5014648,47.10188408,3/27/2020,Los Angeles,26,5,5.916698238,1,5.142857143,NA,NA
5,5,34.66077399,26.9767026,58.35360326,3/28/2020,Los Angeles,32,6,6.139358276,1,5.142857143,NA,NA
6,6,41.07654555,31.72129829,69.82920256,3/29/2020,Los Angeles,37,5,6.415771554,1,5.142857143,NA,NA
7,7,47.80508658,36.72980634,81.64807731,3/30/2020,Los Angeles,44,7,6.728541036,1,5.142857143,NA,NA
8,8,54.87495851,42.0458422,93.87992995,3/31/2020,Los Angeles,54,10,7.069871925,2,14.71428571,5.142857143,49.14285714
9,9,62.31170389,47.59854972,106.5719074,4/1/2020,Los Angeles,66,12,7.436745385,2,14.71428571,5.142857143,54.28571429
10,10,70.14025752,53.42757682,119.7613969,4/2/2020,Los Angeles,80,14,7.82855363,2,14.71428571,5.142857143,59.42857143
11,11,78.38619107,59.61265194,133.4820951,4/3/2020,Los Angeles,93,13,8.245933547,2,14.71428571,5.142857143,64.57142857
12,12,87.07638669,66.17857198,147.7669384,4/4/2020,Los Angeles,119,26,8.690195625,2,14.71428571,5.142857143,69.71428571
13,13,96.23943583,73.15199674,162.6495536,4/5/2020,Los Angeles,132,13,9.163049133,2,14.71428571,5.142857143,74.85714286
14,14,105.9059082,80.56166206,178.1650213,4/6/2020,Los Angeles,147,15,9.666472371,2,14.71428571,5.142857143,80
15,15,116.1085632,88.43857302,194.3503368,4/7/2020,Los Angeles,173,26,10.20265504,3,25.57142857,14.71428571,94.71428571
16,16,126.8825395,96.81620298,211.5665804,4/8/2020,Los Angeles,200,27,10.77397625,3,25.57142857,14.71428571,109.4285714
17,17,138.265549,105.7306969,230.3063003,4/9/2020,Los Angeles,225,25,11.38300948,3,25.57142857,14.71428571,124.1428571
18,18,150.2980775,115.2210871,249.9818358,4/10/2020,Los Angeles,244,19,12.03252856,3,25.57142857,14.71428571,138.8571429
19,19,163.0235952,125.3295296,270.6450259,4/11/2020,Los Angeles,267,23,12.72551768,3,25.57142857,14.71428571,153.5714286
20,20,176.4887925,136.1015664,292.3506687,4/12/2020,Los Angeles,300,33,13.46519734,3,25.57142857,14.71428571,168.2857143
21,21,190.7438333,147.5864094,315.1569301,4/13/2020,Los Angeles,326,26,14.25504081,3,25.57142857,14.71428571,183
22,22,205.8426489,159.8372496,339.1253642,4/14/2020,Los Angeles,366,40,15.09881558,4,41.85714286,25.57142857,208.5714286
23,23,221.8432221,172.9115983,364.3211197,4/15/2020,Los Angeles,405,39,16.00057321,4,41.85714286,25.57142857,234.1428571
24,24,238.8079195,186.8716581,391.1092036,4/16/2020,Los Angeles,457,52,16.96469738,4,41.85714286,25.57142857,259.7142857
25,25,256.8038501,201.7847272,419.5519354,4/17/2020,Los Angeles,501,44,17.99593055,4,41.85714286,25.57142857,285.2857143
26,26,275.903257,217.723649,449.49602,4/18/2020,Los Angeles,577,76,19.09940696,4,41.85714286,25.57142857,310.8571429
27,27,296.1839424,234.7672823,481.024013,4/19/2020,Los Angeles,601,24,20.2806854,4,41.85714286,25.57142857,336.4285714
28,28,317.7297346,253.0010631,514.2231627,4/20/2020,Los Angeles,619,18,21.54579214,4,41.85714286,25.57142857,362
29,29,340.630985,272.5175626,549.1856939,4/21/2020,Los Angeles,666,47,22.90125047,5,47,41.85714286,403.8571429
30,30,364.985128,293.4171178,586.0090863,4/22/2020,Los Angeles,732,66,24.35414299,5,47,41.85714286,445.7142857
31,31,390.8972753,315.8085363,624.7963991,4/23/2020,Los Angeles,798,66,25.91214731,5,47,41.85714286,487.5714286
32,32,418.4808717,339.8098538,665.6565839,4/24/2020,Los Angeles,850,52,27.58359637,5,47,41.85714286,529.4285714
33,33,447.8584089,365.549164,708.7048346,4/25/2020,Los Angeles,896,46,29.37753724,5,47,41.85714286,571.2857143
34,34,479.1622083,393.1655316,754.0629572,4/26/2020,Los Angeles,916,20,31.30379932,5,47,41.85714286,613.1428571
35,35,512.5352718,422.8099882,801.859762,4/27/2020,Los Angeles,948,32,33.37306356,5,47,41.85714286,655
36,36,548.1322124,454.646623,852.2314567,4/28/2020,Los Angeles,1004,56,35.5969406,6,44.57142857,47,702
37,37,586.1202734,488.2556373,905.3221033,4/29/2020,Los Angeles,1065,61,37.98806092,6,44.57142857,47,749
38,38,626.6804403,524.1193245,961.2840693,4/30/2020,Los Angeles,1119,54,40.56016693,6,44.57142857,47,796
39,39,670.0086593,562.5836175,1020.278527,5/1/2020,Los Angeles,1174,55,43.32821898,6,44.57142857,47,843
40,40,716.3171683,603.8541044,1082.475948,5/2/2020,Los Angeles,1212,38,46.308509,6,44.57142857,47,890
41,41,765.8359593,648.1537173,1148.056699,5/3/2020,Los Angeles,1231,19,49.51879103,6,44.57142857,47,937
42,42,818.8143743,695.7242712,1217.21159,5/4/2020,Los Angeles,1260,29,52.97841503,6,44.57142857,47,984
43,43,875.522854,746.8281485,1290.142487,5/5/2020,Los Angeles,1315,55,56.70847965,7,44.28571429,44.57142857,1028.571429
44,44,936.2548591,801.7501383,1367.062981,5/6/2020,Los Angeles,1369,54,60.73200517,7,44.28571429,44.57142857,1073.142857
45,45,1001.328973,860.7994458,1448.199076,5/7/2020,Los Angeles,1420,51,65.07411396,7,44.28571429,44.57142857,1117.714286
46,46,1070.671521,924.0077681,1533.260433,5/8/2020,Los Angeles,1470,50,69.34254814,7,44.28571429,44.57142857,1162.285714
47,47,1142.820639,990.3365043,1620.276679,5/9/2020,Los Angeles,1515,45,72.14911743,7,44.28571429,44.57142857,1206.857143
48,48,1216.50072,1055.008935,1707.685324,5/10/2020,Los Angeles,1531,16,73.68008135,7,44.28571429,44.57142857,1251.428571
49,49,1290.871536,1120.824716,1794.57043,5/11/2020,Los Angeles,1570,39,74.37081607,7,44.28571429,44.57142857,1296
50,50,1365.37282,1187.492045,1880.404331,5/12/2020,Los Angeles,1617,47,74.50128407,8,38.85714286,44.28571429,1340.285714
51,51,1439.627528,1254.625585,1964.890665,5/13/2020,Los Angeles,1663,46,74.25470793,8,38.85714286,44.28571429,1384.571429
52,52,1513.380857,1321.929993,2047.871405,5/14/2020,Los Angeles,1711,48,73.75332874,8,38.85714286,44.28571429,1428.857143
53,53,1586.460608,1389.178896,2129.270872,5/15/2020,Los Angeles,1752,41,73.07975083,8,38.85714286,44.28571429,1473.142857
54,54,1658.751304,1456.199579,2209.062144,5/16/2020,Los Angeles,1793,41,72.29069613,8,38.85714286,44.28571429,1517.428571
55,55,1730.176682,1522.860873,2287.246947,5/17/2020,Los Angeles,1821,28,71.42537834,8,38.85714286,44.28571429,1561.714286
56,56,1800.688032,1589.063911,2363.843709,5/18/2020,Los Angeles,1842,21,70.51134963,8,38.85714286,44.28571429,1606
57,57,1870.256016,1654.734807,2438.880289,5/19/2020,Los Angeles,1926,84,69.56798389,9,39.14285714,38.85714286,1644.857143
58,58,1938.865021,1719.818989,2512.38972,5/20/2020,Los Angeles,1976,50,68.60900517,9,39.14285714,38.85714286,1683.714286
59,59,2006.509224,1784.276966,2584.407616,5/21/2020,Los Angeles,2021,45,67.64420274,9,39.14285714,38.85714286,1722.571429
60,60,2073.189798,1848.080867,2654.970735,5/22/2020,Los Angeles,2051,30,66.68057411,9,39.14285714,38.85714286,1761.428571
61,61,2138.912803,1911.211824,2724.115977,5/23/2020,Los Angeles,2092,41,65.72300489,9,39.14285714,38.85714286,1800.285714
62,62,2203.687901,1973.657951,2791.879907,5/24/2020,Los Angeles,2108,16,64.77509813,9,39.14285714,38.85714286,1839.142857
63,63,2267.527057,2035.412716,2858.298495,5/25/2020,Los Angeles,2116,8,63.83915662,9,39.14285714,38.85714286,1878
64,64,2330.444122,2096.473725,2923.406916,5/26/2020,Los Angeles,2145,29,62.91706475,10,38.57142857,39.14285714,1917.142857
65,65,2392.454094,2156.841774,2987.239484,5/27/2020,Los Angeles,2201,56,62.00997178,10,38.57142857,39.14285714,1956.285714
66,66,2453.572659,2216.520079,3049.829597,5/28/2020,Los Angeles,2241,40,61.11856518,10,38.57142857,39.14285714,1995.428571
67,67,2513.815993,2275.513706,3111.209713,5/29/2020,Los Angeles,2294,53,60.24333353,10,38.57142857,39.14285714,2034.571429
68,68,2573.200502,2333.829112,3171.411375,5/30/2020,Los Angeles,2339,45,59.38450929,10,38.57142857,39.14285714,2073.714286
69,69,2631.742675,2391.473798,3230.465228,5/31/2020,Los Angeles,2362,23,58.54217343,10,38.57142857,39.14285714,2112.857143
70,70,2689.458968,2448.456028,3288.401036,6/1/2020,Los Angeles,2386,24,57.71629319,10,38.57142857,39.14285714,2152
71,71,2746.365716,2504.784622,3345.247704,6/2/2020,Los Angeles,2448,62,56.90674724,11,38.57142857,38.57142857,2190.571429
72,72,2802.479068,2560.46879,3401.033306,6/3/2020,Los Angeles,2489,41,56.11335196,11,38.57142857,38.57142857,2229.142857
73,73,2857.814952,2615.517997,3455.785104,6/4/2020,Los Angeles,2532,43,55.33588416,11,38.57142857,38.57142857,2267.714286
74,74,2912.389041,2669.941872,3509.529611,6/5/2020,Los Angeles,2567,35,54.57408947,11,38.57142857,38.57142857,2306.285714
75,75,2966.216726,2723.75013,3562.29253,6/6/2020,Los Angeles,2624,57,53.82768499,11,38.57142857,38.57142857,2344.857143
76,76,3019.313118,2776.952508,3614.098829,6/7/2020,Los Angeles,2646,22,53.09639202,11,38.57142857,38.57142857,2383.428571
77,77,3071.693016,2829.558719,3664.97279,6/8/2020,Los Angeles,2656,10,52.37989783,11,38.57142857,38.57142857,2422
78,78,3123.370919,2881.578426,3714.938001,6/9/2020,Los Angeles,2710,54,51.6779029,12,38.57142857,38.57142857,2460.571429
79,79,3174.361025,2933.021208,3764.017381,6/10/2020,Los Angeles,2768,58,50.99010559,12,38.57142857,38.57142857,2499.142857
80,80,3224.677225,2983.896543,3812.233204,6/11/2020,Los Angeles,2818,50,50.31619998,12,38.57142857,38.57142857,2537.714286
81,81,3274.33311,3034.213792,3859.607117,6/12/2020,Los Angeles,2834,16,49.65588569,12,38.57142857,38.57142857,2576.285714
82,82,3323.341977,3083.982189,3906.160159,6/13/2020,Los Angeles,2894,60,49.00886627,12,38.57142857,38.57142857,2614.857143
83,83,3371.716826,3133.210833,3951.912785,6/14/2020,Los Angeles,2907,13,48.37484916,12,38.57142857,38.57142857,2653.428571
84,84,3419.470373,3181.908682,3996.884878,6/15/2020,Los Angeles,2926,19,47.75354702,12,38.57142857,38.57142857,2692
85,85,3466.615053,3230.084554,4041.095773,6/16/2020,Los Angeles,2961,35,47.14468008,13,30.14285714,38.57142857,2730.571429
86,86,3513.163022,3277.747121,4084.564269,6/17/2020,Los Angeles,2993,32,46.54796869,13,30.14285714,38.57142857,2769.142857
87,87,3559.126169,3324.904908,4127.308647,6/18/2020,Los Angeles,3027,34,45.96314737,13,30.14285714,38.57142857,2807.714286
88,88,3604.51612,3371.566293,4169.34669,6/19/2020,Los Angeles,3066,39,45.38995134,13,30.14285714,38.57142857,2846.285714
89,89,3649.344242,3417.739512,4210.695692,6/20/2020,Los Angeles,3112,46,44.82812155,13,30.14285714,38.57142857,2884.857143
90,90,3693.62165,3463.432655,4251.37247,6/21/2020,Los Angeles,3121,9,44.27740806,13,30.14285714,38.57142857,2923.428571
91,91,3737.359217,3508.653667,4291.393395,6/22/2020,Los Angeles,3137,16,43.73756672,13,30.14285714,38.57142857,2962
92,92,3780.567572,3553.410352,4330.774397,6/23/2020,Los Angeles,3172,35,43.20835585,14,27.71428571,30.14285714,2992.142857
93,93,3823.257121,3597.71038,4369.530977,6/24/2020,Los Angeles,3207,35,42.68954828,14,27.71428571,30.14285714,3022.285714
94,94,3865.438035,3641.56128,4407.678232,6/25/2020,Los Angeles,3247,40,42.18091425,14,27.71428571,30.14285714,3052.428571
95,95,3907.120268,3684.970453,4445.230828,6/26/2020,Los Angeles,3269,22,41.6822333,14,27.71428571,30.14285714,3082.571429
96,96,3948.31356,3727.94516,4482.203048,6/27/2020,Los Angeles,3285,16,41.19329156,14,27.71428571,30.14285714,3112.714286
97,97,3989.027435,3770.492535,4518.608806,6/28/2020,Los Angeles,3305,20,40.71387479,14,27.71428571,30.14285714,3142.857143
98,98,4029.271214,3812.619589,4554.461646,6/29/2020,Los Angeles,3331,26,40.24377916,14,27.71428571,30.14285714,3173
99,99,4069.054019,3854.333207,4589.774756,6/30/2020,Los Angeles,3373,42,39.78280546,15,29.42857143,27.71428571,3200.714286
100,100,4108.384777,3895.640145,4624.560977,7/1/2020,Los Angeles,3405,32,39.33075787,15,29.42857143,27.71428571,3228.428571
101,101,4147.272228,3936.547047,4658.832816,7/2/2020,Los Angeles,3457,52,38.88745077,15,29.42857143,27.71428571,3256.142857
102,102,4185.724925,3977.060439,4692.602457,7/3/2020,Los Angeles,3457,0,38.45269688,15,29.42857143,27.71428571,3283.857143
103,103,4223.751241,4017.186731,4725.881766,7/4/2020,Los Angeles,3457,0,38.02631579,15,29.42857143,27.71428571,3311.571429
104,104,4261.359373,4056.932224,4758.682305,7/5/2020,Los Angeles,3487,30,37.60813235,15,29.42857143,27.71428571,3339.285714
105,105,4298.557347,4096.303102,4791.015339,7/6/2020,Los Angeles,3537,50,37.19797389,15,29.42857143,27.71428571,3367
106,106,4335.353021,4135.305441,4822.891846,7/7/2020,Los Angeles,3582,45,36.7956745,16,41,29.42857143,3396.428571
107,107,4371.754093,4173.945215,4854.322524,7/8/2020,Los Angeles,3643,61,36.40107176,16,41,29.42857143,3425.857143
108,108,4407.7681,4212.228294,4885.317801,7/9/2020,Los Angeles,3691,48,36.01400658,16,41,29.42857143,3455.285714
109,109,4443.402424,4250.160444,4915.88784,7/10/2020,Los Angeles,3744,53,35.63432459,16,41,29.42857143,3484.714286
110,110,4478.6643,4287.747334,4946.042551,7/11/2020,Los Angeles,3795,51,35.26187531,16,41,29.42857143,3514.142857
111,111,4513.560811,4324.994533,4975.791596,7/12/2020,Los Angeles,3809,14,34.89651147,16,41,29.42857143,3543.571429
112,112,4548.098901,4361.907516,5005.144397,7/13/2020,Los Angeles,3824,15,34.53809032,16,41,29.42857143,3573
113,113,4582.285372,4398.491665,5034.110142,7/14/2020,Los Angeles,3897,73,34.18647084,17,40.14285714,41,3614
114,114,4616.126889,4434.752269,5062.697793,7/15/2020,Los Angeles,3941,44,33.84151688,17,40.14285714,41,3655
115,115,4649.629985,4470.694527,5090.916091,7/16/2020,Los Angeles,3989,48,33.50309599,17,40.14285714,41,3696
116,116,4682.801064,4506.323552,5118.773567,7/17/2020,Los Angeles,4048,59,33.17107892,17,40.14285714,41,3737
117,117,4715.646401,4541.644367,5146.27854,7/18/2020,Los Angeles,4084,36,32.84533696,17,40.14285714,41,3778
118,118,4748.17215,4576.661915,5173.439132,7/19/2020,Los Angeles,4096,12,32.52574918,17,40.14285714,41,3819
119,119,4780.384345,4611.381053,5200.263267,7/20/2020,Los Angeles,4105,9,32.21219478,17,40.14285714,41,3860
120,120,4812.288901,4645.806559,5226.75868,7/21/2020,Los Angeles,4155,50,31.90455627,18,38.57142857,40.14285714,3900.142857
121,121,4843.891622,4679.943129,5252.932922,7/22/2020,Los Angeles,4215,60,31.60272118,18,38.57142857,40.14285714,3940.285714
122,122,4875.198198,4713.795384,5278.793366,7/23/2020,Los Angeles,4263,48,31.30657525,18,38.57142857,40.14285714,3980.428571
123,123,4906.214206,4747.367868,5304.347209,7/24/2020,Los Angeles,4300,37,31.01600862,18,38.57142857,40.14285714,4020.571429
124,124,4936.945123,4780.665048,5329.601483,7/25/2020,Los Angeles,4351,51,30.73091695,18,38.57142857,40.14285714,4060.714286
125,125,4967.39632,4813.691321,5354.563053,7/26/2020,Los Angeles,4360,9,30.45119648,18,38.57142857,40.14285714,4100.857143
126,126,4997.573066,4846.451011,5379.238626,7/27/2020,Los Angeles,4375,15,30.17674652,18,38.57142857,40.14285714,4141
127,127,5027.480533,4878.948371,5403.634754,7/28/2020,Los Angeles,4427,52,29.90746699,19,46.71428571,38.57142857,4179.571429
128,128,5057.123796,4911.187585,5427.757839,7/29/2020,Los Angeles,4518,91,29.6432628,19,46.71428571,38.57142857,4218.142857
129,129,5086.507836,4943.17277,5451.614137,7/30/2020,Los Angeles,4559,41,29.38403979,19,46.71428571,38.57142857,4256.714286
130,130,5115.637542,4974.907979,5475.209762,7/31/2020,Los Angeles,4624,65,29.12970671,19,46.71428571,38.57142857,4295.285714
131,131,5144.517717,5006.397196,5498.550692,8/1/2020,Los Angeles,4669,45,28.88017434,19,46.71428571,38.57142857,4333.857143
132,132,5173.153071,5037.644344,5521.642769,8/2/2020,Los Angeles,4693,24,28.63535462,19,46.71428571,38.57142857,4372.428571
133,133,5201.548234,5068.653284,5544.491707,8/3/2020,Los Angeles,4702,9,28.39516247,19,46.71428571,38.57142857,4411
134,134,5229.707749,5099.402525,5567.103091,8/4/2020,Los Angeles,4760,58,28.15951542,20,42.28571429,46.71428571,4457.714286
135,135,5257.636082,5129.492312,5589.482387,8/5/2020,Los Angeles,4828,68,27.9283323,20,42.28571429,46.71428571,4504.428571
136,136,5285.337616,5159.359565,5611.634938,8/6/2020,Los Angeles,4869,41,27.7015342,20,42.28571429,46.71428571,4551.142857
137,137,5312.81666,5189.008017,5633.565975,8/7/2020,Los Angeles,4919,50,27.47904414,20,42.28571429,46.71428571,4597.857143
138,138,5340.077447,5218.441341,5655.280613,8/8/2020,Los Angeles,4967,48,27.26078684,20,42.28571429,46.71428571,4644.571429
139,139,5367.124136,5247.663153,5676.78386,8/9/2020,Los Angeles,4977,10,27.04668918,20,42.28571429,46.71428571,4691.285714
140,140,5393.960815,5276.677011,5698.080617,8/10/2020,Los Angeles,4998,21,26.83667905,20,42.28571429,46.71428571,4738
141,141,5420.591502,5305.486418,5719.175683,8/11/2020,Los Angeles,5058,60,26.63068669,21,39.28571429,42.28571429,4780.285714
142,142,5447.020146,5334.094823,5740.073753,8/12/2020,Los Angeles,5112,54,26.42864417,21,39.28571429,42.28571429,4822.571429
143,143,5473.250631,5362.50562,5760.77943,8/13/2020,Los Angeles,5172,60,26.23048498,21,39.28571429,42.28571429,4864.857143
144,144,5499.286775,5390.722153,5781.297217,8/14/2020,Los Angeles,5215,43,26.03614416,21,39.28571429,42.28571429,4907.142857
145,145,5525.132334,5418.747712,5801.631529,8/15/2020,Los Angeles,5246,31,25.84555855,21,39.28571429,42.28571429,4949.428571
146,146,5550.791,5446.58554,5821.78669,8/16/2020,Los Angeles,5254,8,25.65866677,21,39.28571429,42.28571429,4991.714286
147,147,5576.266408,5474.238829,5841.766937,8/17/2020,Los Angeles,5273,19,25.47540757,21,39.28571429,42.28571429,5034
148,148,5601.562131,5501.710724,5861.576423,8/18/2020,Los Angeles,5340,67,25.29572353,22,41,39.28571429,5073.285714
149,149,5626.681688,5529.004322,5881.21922,8/19/2020,Los Angeles,5396,56,25.11955664,22,41,39.28571429,5112.571429
150,150,5651.628539,5556.122675,5900.699318,8/20/2020,Los Angeles,5447,51,24.94685115,22,41,39.28571429,5151.857143
151,151,5676.406093,5583.068791,5920.020631,8/21/2020,Los Angeles,5492,45,24.77755342,22,41,39.28571429,5191.142857
152,152,5701.017702,5609.845631,5939.186999,8/22/2020,Los Angeles,5537,45,24.61160982,22,41,39.28571429,5230.428571
153,153,5725.46667,5636.456114,5958.202189,8/23/2020,Los Angeles,5545,8,24.44896747,22,41,39.28571429,5269.714286
154,154,5749.756247,5662.90312,5977.069894,8/24/2020,Los Angeles,5560,15,24.28957692,22,41,39.28571429,5309
155,155,5773.889636,5689.189483,5995.793741,8/25/2020,Los Angeles,5610,50,24.13338922,23,32,41,5350
156,156,5797.869991,5715.317999,6014.37729,8/26/2020,Los Angeles,5664,54,23.98035544,23,32,41,5391
157,157,5821.700421,5741.291424,6032.824036,8/27/2020,Los Angeles,5701,37,23.83042982,23,32,41,5432
158,158,5845.383988,5767.112475,6051.13741,8/28/2020,Los Angeles,5735,34,23.68356628,23,32,41,5473
159,159,5868.923708,5792.783833,6069.320783,8/29/2020,Los Angeles,5763,28,23.53972045,23,32,41,5514
160,160,5892.322558,5818.308138,6087.377466,8/30/2020,Los Angeles,5769,6,23.39884975,23,32,41,5555
161,161,5915.583469,5843.687998,6105.310713,8/31/2020,Los Angeles,5784,15,23.26091163,23,32,41,5596
162,162,5938.709334,5868.925982,6123.12372,9/1/2020,Los Angeles,5830,46,23.12586415,24,35.14285714,32,5628
163,163,5961.703002,5894.024626,6140.819633,9/2/2020,Los Angeles,5888,58,22.99366817,24,35.14285714,32,5660
164,164,5984.567287,5918.986433,6158.401541,9/3/2020,Los Angeles,5934,46,22.86428497,24,35.14285714,32,5692
165,165,6007.304963,5943.813869,6175.872484,9/4/2020,Los Angeles,5981,47,22.73767588,24,35.14285714,32,5724
166,166,6029.918768,5968.509372,6193.235454,9/5/2020,Los Angeles,6000,19,22.61380496,24,35.14285714,32,5756
167,167,6052.411403,5993.075344,6210.493391,9/6/2020,Los Angeles,6005,5,22.49263549,24,35.14285714,32,5788
168,168,6074.785536,6017.51416,6227.649191,9/7/2020,Los Angeles,6030,25,22.37413318,24,35.14285714,32,5820
169,169,6097.043801,6041.82816,6244.705707,9/8/2020,Los Angeles,6036,6,22.25826437,25,28.85714286,35.14285714,5855.142857
170,170,6119.188796,6066.019658,6261.665744,9/9/2020,Los Angeles,6090,54,22.14499573,25,28.85714286,35.14285714,5890.285714
171,171,6141.223091,6090.090936,6278.532067,9/10/2020,Los Angeles,6131,41,22.03429481,25,28.85714286,35.14285714,5925.428571
172,172,6163.149222,6114.04425,6295.307401,9/11/2020,Los Angeles,6177,46,21.92613079,25,28.85714286,35.14285714,5960.571429
173,173,6184.969695,6137.881826,6311.994429,9/12/2020,Los Angeles,6198,21,21.82047326,25,28.85714286,35.14285714,5995.714286
174,174,6206.686988,6161.605864,6328.595797,9/13/2020,Los Angeles,6208,10,21.71729253,25,28.85714286,35.14285714,6030.857143
175,175,6228.303548,6185.218536,6345.114114,9/14/2020,Los Angeles,6232,24,21.61656077,25,28.85714286,35.14285714,6066
176,176,6249.821798,6208.72199,6361.551953,9/15/2020,Los Angeles,6274,42,21.51824965,26,19.28571429,28.85714286,6094.857143
177,177,6271.244131,6232.078252,6377.911853,9/16/2020,Los Angeles,6305,31,21.42233282,26,19.28571429,28.85714286,6123.714286
178,178,6292.572915,6254.024208,6394.196317,9/17/2020,Los Angeles,6324,19,21.32878446,26,19.28571429,28.85714286,6152.571429
179,179,6313.810494,6275.881886,6410.407818,9/18/2020,Los Angeles,6330,6,21.23757907,26,19.28571429,28.85714286,6181.428571
180,180,6334.959186,6297.653582,6426.548797,9/19/2020,Los Angeles,6331,1,21.14869197,26,19.28571429,28.85714286,6210.285714
181,181,6356.021286,6319.341564,6442.621666,9/20/2020,Los Angeles,6353,22,21.06209978,26,19.28571429,28.85714286,6239.142857
182,182,6376.999066,6340.827291,6458.628806,9/21/2020,Los Angeles,6367,14,20.97777953,26,19.28571429,28.85714286,6268
183,183,6397.894775,6361.717893,6474.572572,9/22/2020,Los Angeles,6401,34,20.89570889,27,21.14285714,19.28571429,6287.285714
184,184,6418.710642,6382.530972,6490.455291,9/23/2020,Los Angeles,6425,24,20.81586706,27,21.14285714,19.28571429,6306.571429
185,185,6439.448875,6403.268734,6506.279263,9/24/2020,Los Angeles,6458,33,20.73823302,27,21.14285714,19.28571429,6325.857143
186,186,6460.111662,6423.933359,6522.046766,9/25/2020,Los Angeles,6490,32,20.66278731,27,21.14285714,19.28571429,6345.142857
187,187,6480.701173,6444.52701,6537.760051,9/26/2020,Los Angeles,6504,14,20.58951093,27,21.14285714,19.28571429,6364.428571
188,188,6501.219558,6465.051825,6553.42135,9/27/2020,Los Angeles,6514,10,20.51838526,27,21.14285714,19.28571429,6383.714286
189,189,6521.668951,6485.509924,6569.032869,9/28/2020,Los Angeles,6515,1,20.44939243,27,21.14285714,19.28571429,6403
190,190,6542.051466,6505.903407,6584.596795,9/29/2020,Los Angeles,6553,38,20.38251561,28,20,21.14285714,6424.142857
191,191,6562.369205,6526.234354,6600.178692,9/30/2020,Los Angeles,6577,24,20.31773837,28,20,21.14285714,6445.285714
192,192,6582.62425,6546.504828,6617.904744,10/1/2020,Los Angeles,6612,35,20.25504495,28,20,21.14285714,6466.428571
193,193,6602.81867,6566.697422,6637.346219,10/2/2020,Los Angeles,6625,13,20.19442078,28,20,21.14285714,6487.571429
194,194,6622.954522,6586.197924,6656.855151,10/3/2020,Los Angeles,6641,16,20.13585139,28,20,21.14285714,6508.714286
195,195,6643.033845,6603.636493,6677.95666,10/4/2020,Los Angeles,6646,5,20.07932351,28,20,21.14285714,6529.857143
196,196,6663.05867,6620.961101,6699.173231,10/5/2020,Los Angeles,6655,9,20.02482429,28,20,21.14285714,6551
197,197,6683.031011,6638.243695,6720.346233,10/6/2020,Los Angeles,6684,29,19.9723413,29,16.85714286,20,6571
198,198,6702.952874,6655.318433,6741.818587,10/7/2020,Los Angeles,6709,25,19.92186286,29,16.85714286,20,6591
199,199,6722.826252,6672.285302,6765.096432,10/8/2020,Los Angeles,6727,18,19.87337812,29,16.85714286,20,6611
200,200,6742.653129,6689.208119,6788.43539,10/9/2020,Los Angeles,6741,14,19.82687666,29,16.85714286,20,6631
201,201,6762.435477,6706.088832,6811.8391,10/10/2020,Los Angeles,6769,28,19.78234873,29,16.85714286,20,6651
202,202,6782.175263,6722.929376,6835.31123,10/11/2020,Los Angeles,6771,2,19.73978553,29,16.85714286,20,6671
203,203,6801.874441,6739.731669,6858.855489,10/12/2020,Los Angeles,6773,2,19.69917867,29,16.85714286,20,6691
204,204,6821.534962,6756.497622,6882.475622,10/13/2020,Los Angeles,6793,20,19.66052066,30,14.85714286,16.85714286,6707.857143
205,205,6841.158767,6773.229127,6906.175413,10/14/2020,Los Angeles,6812,19,19.62380441,30,14.85714286,16.85714286,6724.714286
206,206,6860.74779,6789.928072,6929.958686,10/15/2020,Los Angeles,6834,22,19.58902332,30,14.85714286,16.85714286,6741.571429
207,207,6880.303961,6806.596327,6953.829312,10/16/2020,Los Angeles,6856,22,19.55617156,30,14.85714286,16.85714286,6758.428571
208,208,6899.829205,6823.235758,6977.791204,10/17/2020,Los Angeles,6863,7,19.52524399,30,14.85714286,16.85714286,6775.285714
209,209,6919.325441,6839.095247,7001.848322,10/18/2020,Los Angeles,6876,13,19.49623588,30,14.85714286,16.85714286,6792.142857
210,210,6938.794585,6854.865015,7026.004675,10/19/2020,Los Angeles,6877,1,19.46914329,30,14.85714286,16.85714286,6809
211,211,6958.238548,6870.622965,7050.264321,10/20/2020,Los Angeles,6912,35,19.44396297,31,17.57142857,14.85714286,6823.857143
212,212,6977.65924,6886.371033,7074.631376,10/21/2020,Los Angeles,6944,32,19.42069245,31,17.57142857,14.85714286,6838.714286
213,213,6997.05857,6902.11115,7099.110011,10/22/2020,Los Angeles,6956,12,19.39932989,31,17.57142857,14.85714286,6853.571429
214,214,7016.438444,6917.845243,7123.704452,10/23/2020,Los Angeles,6974,18,19.37987381,31,17.57142857,14.85714286,6868.428571
215,215,7035.800767,6933.575236,7148.685412,10/24/2020,Los Angeles,6989,15,19.36232339,31,17.57142857,14.85714286,6883.285714
216,216,7055.147446,6949.303052,7173.930943,10/25/2020,Los Angeles,6993,4,19.3466786,31,17.57142857,14.85714286,6898.142857
217,217,7074.480386,6965.03061,7199.306113,10/26/2020,Los Angeles,7000,7,19.33293994,31,17.57142857,14.85714286,6913
218,218,7093.801494,6980.759829,7224.815387,10/27/2020,Los Angeles,7027,27,19.32110845,32,14.66666667,17.57142857,6930.571429
219,219,7113.11268,6996.492627,7250.463301,10/28/2020,Los Angeles,7043,16,19.31118597,32,14.66666667,17.57142857,6948.142857
220,220,7132.415855,7012.230924,7276.254459,10/29/2020,Los Angeles,7044,1,19.30317487,32,14.66666667,17.57142857,6965.714286
